lga_code,lga_name,latitude,longitude
20660,Banyule City,-37.71871567,145.10110474
24600,Melbourne City,-37.8044548,144.93461609
27350,Yarra City,-37.80196801,144.97976444
21180,Brimbank City,-37.76119995,144.82099915
27350,Yarra City,-37.80817795,144.99160767
24600,Melbourne City,-37.81678975,144.95505242
23110,Hobsons Bay City,-37.84550019,144.85182334
22310,Glen Eira City,-37.8856163,145.01486206
27070,Whittlesea City,-37.67045975,145.07096863
25060,Moonee Valley City,-37.76845893,144.92935704
27070,Whittlesea City,-37.67788525,145.02446739
26350,Stonnington City,-37.85309982,145.00242615
21890,Darebin City,-37.69636917,145.00001526
21110,Boroondara City,-37.82126999,145.04241943
23270,Hume City,-37.69799042,144.87730408
24210,Manningham City,-37.77022265,145.0993744
24410,Maroondah City,-37.79496384,145.24388123
25900,Port Phillip City,-37.83306885,144.9329071
24600,Melbourne City,-37.8018018,144.91751106
27350,Yarra City,-37.8063978,144.9893125
22310,Glen Eira City,-37.87215619,145.02093036
26980,Whitehorse City,-37.80128479,145.15965271
26980,Whitehorse City,-37.80405426,145.1892395
21110,Boroondara City,-37.8135122,145.0192426
25250,Moreland City,-37.75903888,144.95508634
24410,Maroondah City,-37.78727722,145.24798584
20910,Bayside City,-37.93706638,145.01218494
26350,Stonnington City,-37.85445404,145.03572083
26980,Whitehorse City,-37.82206345,145.21224976
20910,Bayside City,-37.9112209,144.9936389
24410,Maroondah City,-37.82802963,145.26467896
24970,Monash City,-37.89036942,145.18960571
24410,Maroondah City,-37.80554962,145.26560974
24970,Monash City,-37.88852692,145.12399292
24600,Melbourne City,-37.80924988,144.96086121
24410,Maroondah City,-37.78727722,145.24798584
24600,Melbourne City,-37.79325104,144.96972656
26980,Whitehorse City,-37.83491898,145.19219971
23430,Kingston City,-37.92896271,145.12223816
21890,Darebin City,-37.76165771,145.00157166
21180,Brimbank City,-37.7506218,144.75926208
27070,Whittlesea City,-37.65443802,145.03129578
24410,Maroondah City,-37.7868576,145.29399109
25060,Moonee Valley City,-37.7665863,144.91966248
23430,Kingston City,-38.00880432,145.10324097
27350,Yarra City,-37.78988647,144.99014282
20660,Banyule City,-37.72006989,145.12004089
24970,Monash City,-37.88956833,145.17036438
26980,Whitehorse City,-37.82553101,145.18495178
25250,Moreland City,-37.77524948,144.974823
20910,Bayside City,-37.94334412,145.03788757
25250,Moreland City,-37.77453613,144.96733093
23430,Kingston City,-37.96095657,145.05986023
22310,Glen Eira City,-37.86912918,145.01802063
25250,Moreland City,-37.77524948,144.97489929
24330,Maribyrnong City,-37.80015945,144.87715149
23430,Kingston City,-37.99380493,145.07678223
24410,Maroondah City,-37.80883408,145.25015259
21110,Boroondara City,-37.82416534,145.03535461
20910,Bayside City,-37.93701143,145.01222134
20910,Bayside City,-37.93707968,145.01213599
24970,Monash City,-37.8677801,145.1583832
26350,Stonnington City,-37.86534119,145.05340576
24210,Manningham City,-37.76240158,145.13383484
27450,Yarra Ranges Shire,-37.7846489,145.30574036
22310,Glen Eira City,-37.88775635,145.03649902
24970,Monash City,-37.88673401,145.14569092
23670,Knox City,-37.89619344,145.24590248
25900,Port Phillip City,-37.87231827,144.99029541
24600,Melbourne City,-37.79606247,144.96139526
25710,Nillumbik Shire,-37.64283313,145.24935246
27350,Yarra City,-37.7841696,144.9774081
24970,Monash City,-37.8798027,145.14086914
24410,Maroondah City,-37.79873657,145.28971863
20910,Bayside City,-37.93714038,145.01217135
25900,Port Phillip City,-37.87213898,144.98963928
27070,Whittlesea City,-37.67462921,145.03419495
24210,Manningham City,-37.7473977,145.16397857
23110,Hobsons Bay City,-37.82554245,144.88104248
21180,Brimbank City,-37.73481369,144.78501892
25250,Moreland City,-37.72554016,144.96359253
24970,Monash City,-37.90307236,145.14286804
26980,Whitehorse City,-37.80424729,145.11276033
24600,Melbourne City,-37.79748535,144.97047424
21180,Brimbank City,-37.69639969,144.77534485
25900,Port Phillip City,-37.8669014,144.97673035
20910,Bayside City,-37.93705537,145.01216525
23670,Knox City,-37.927444,145.2571415
26980,Whitehorse City,-37.84872437,145.12770081
23430,Kingston City,-37.98058328,145.07723567
24600,Melbourne City,-37.79610635,144.96835713
24600,Melbourne City,-37.79617119,144.9680884
27070,Whittlesea City,-37.66769791,145.06201172
24600,Melbourne City,-37.81156921,144.96472168
24970,Monash City,-37.90392303,145.16273499
25060,Moonee Valley City,-37.72612762,144.89520264
26980,Whitehorse City,-37.83822632,145.17819214
21890,Darebin City,-37.69670105,145.00311279
21890,Darebin City,-37.75283432,145.00639343
24970,Monash City,-37.90631866,145.14228821
26980,Whitehorse City,-37.84856415,145.17044067
26980,Whitehorse City,-37.84020233,145.18928528
26350,Stonnington City,-37.8416748,145.01382446
27260,Wyndham City,-37.82835388,144.81671143
24410,Maroondah City,-37.8158226,145.23487854
24600,Melbourne City,-37.81474686,144.96221924
22310,Glen Eira City,-37.87764057,145.04500391
20910,Bayside City,-37.89980698,145.00617981
27070,Whittlesea City,-37.66769791,145.06201172
23270,Hume City,-37.56726456,144.92030334
21110,Boroondara City,-37.78428268,145.07746887
25900,Port Phillip City,-37.86471176,144.97634888
25060,Moonee Valley City,-37.74448776,144.91015625
24600,Melbourne City,-37.82764816,144.95809937
20660,Banyule City,-37.7188226,145.0876725
25250,Moreland City,-37.7740261,144.9539668
24600,Melbourne City,-37.80285263,144.95838928
23430,Kingston City,-37.9909475,145.09283736
22170,Frankston City,-38.0869587,145.18645
25900,Port Phillip City,-37.83578154,144.97023376
26350,Stonnington City,-37.85728455,145.03434753
26350,Stonnington City,-37.85005569,145.01370239
27450,Yarra Ranges Shire,-37.7760913,145.3869663
23270,Hume City,-37.66799545,144.92340088
24600,Melbourne City,-37.82183456,144.951828
24210,Manningham City,-37.78251266,145.16317749
27070,Whittlesea City,-37.66613388,145.05406189
25250,Moreland City,-37.77341461,144.95402527
24600,Melbourne City,-37.8176602,144.9609453
27350,Yarra City,-37.78371761,144.98094625
20910,Bayside City,-37.90969849,144.99214172
24600,Melbourne City,-37.816149,144.9847311
21890,Darebin City,-37.71696854,145.04316711
20910,Bayside City,-37.91175079,145.01750183
24330,Maribyrnong City,-37.80082099,144.90241722
21890,Darebin City,-37.7481842,145.02972412
24330,Maribyrnong City,-37.80150986,144.88746643
20910,Bayside City,-37.9720192,145.01222229
26350,Stonnington City,-37.8870207,145.08656711
24330,Maribyrnong City,-37.76683807,144.89784241
24410,Maroondah City,-37.8298645,145.2492981
25900,Port Phillip City,-37.83665848,144.95663452
25900,Port Phillip City,-37.8715835,144.9899437
23270,Hume City,-37.66807556,144.95462036
23270,Hume City,-37.69049072,144.88201904
24600,Melbourne City,-37.81307357,144.9426486
24410,Maroondah City,-37.77316666,145.29281616
21180,Brimbank City,-37.70454181,144.77346975
21890,Darebin City,-37.75256729,145.00231934
27350,Yarra City,-37.83011627,144.99043274
24600,Melbourne City,-37.81621304,144.95250857
20910,Bayside City,-37.9371322,145.01219447
21110,Boroondara City,-37.82866,145.05733
25710,Nillumbik Shire,-37.70295238,145.15151652
25250,Moreland City,-37.76613235,144.97265625
24600,Melbourne City,-37.80816269,144.96873474
24600,Melbourne City,-37.81545639,144.95462036
26350,Stonnington City,-37.85072327,145.0027771
27350,Yarra City,-37.78321838,144.99240112
27260,Wyndham City,-37.84664258,144.655162
20910,Bayside City,-37.93700472,145.0120116
23670,Knox City,-37.85090305,145.24617121
21180,Brimbank City,-37.75517273,144.82304382
20660,Banyule City,-37.74756241,145.06983948
20910,Bayside City,-37.97549438,145.01589966
26980,Whitehorse City,-37.85212326,145.12617493
26980,Whitehorse City,-37.81261826,145.21232605
24330,Maribyrnong City,-37.79348178,144.9003019
25250,Moreland City,-37.74187851,144.97648621
24970,Monash City,-37.91924667,145.16487122
25060,Moonee Valley City,-37.74518585,144.85287476
24600,Melbourne City,-37.80309296,144.92915344
24600,Melbourne City,-37.78875351,144.93605042
27070,Whittlesea City,-37.66906738,145.06092834
27260,Wyndham City,-37.8407508,144.6954823
24650,Melton City,-37.7123611,144.7509839
24650,Melton City,-37.712322,144.750973
22310,Glen Eira City,-37.879879,145.00613403
25900,Port Phillip City,-37.85105515,144.98387146
23110,Hobsons Bay City,-37.8514552,144.8086306
21890,Darebin City,-37.7112236,145.0227356
20910,Bayside City,-37.93717953,145.01212871
25060,Moonee Valley City,-37.77028275,144.92431641
24330,Maribyrnong City,-37.78049088,144.88833618
24410,Maroondah City,-37.79446793,145.28117371
26350,Stonnington City,-37.84418488,145.0345459
21890,Darebin City,-37.7426075,145.0083207
24600,Melbourne City,-37.81930649,144.98153441
26350,Stonnington City,-37.86637901,145.02978852
26350,Stonnington City,-37.84131622,145.01074219
25900,Port Phillip City,-37.85105515,144.98387146
21180,Brimbank City,-37.77465439,144.82937622
24600,Melbourne City,-37.80167007,144.9535675
27070,Whittlesea City,-37.68763733,145.00245667
21180,Brimbank City,-37.72888565,144.80851746
23270,Hume City,-37.69862311,144.88819
24210,Manningham City,-37.7773562,145.1286129
23430,Kingston City,-37.9357605,145.0561676
23430,Kingston City,-37.9549457,145.0823437
20910,Bayside City,-37.93510056,145.03616333
27350,Yarra City,-37.79093113,144.97722437
27350,Yarra City,-37.80062485,144.99049377
23110,Hobsons Bay City,-37.86505127,144.76916504
25250,Moreland City,-37.76919174,144.95425415
21180,Brimbank City,-37.78131104,144.82894897
27350,Yarra City,-37.82773646,144.99374067
23430,Kingston City,-37.97187042,145.07333374
25710,Nillumbik Shire,-37.68650818,145.06799316
25060,Moonee Valley City,-37.73981476,144.86865234
25060,Moonee Valley City,-37.74123383,144.86360168
22170,Frankston City,-38.12030369,145.19383402
25900,Port Phillip City,-37.86279236,144.99078316
22170,Frankston City,-38.1382685,145.1734278
24600,Melbourne City,-37.81582163,144.97670903
26980,Whitehorse City,-37.81866837,145.12858582
26980,Whitehorse City,-37.85355377,145.09820557
27350,Yarra City,-37.81894672,145.00348968
26350,Stonnington City,-37.83915901,144.9935232
25250,Moreland City,-37.72818375,144.93740845
27070,Whittlesea City,-37.680336,145.01426697
24410,Maroondah City,-37.8123436,145.23516846
27260,Wyndham City,-37.9080673,144.63652734
21180,Brimbank City,-37.79143055,144.82293623
24330,Maribyrnong City,-37.81899643,144.89508057
25250,Moreland City,-37.7340643,144.9653575
25900,Port Phillip City,-37.87248993,144.98616028
20660,Banyule City,-37.76231766,145.04379272
23430,Kingston City,-37.96186066,145.05981445
25250,Moreland City,-37.7737941,144.9536747
26350,Stonnington City,-37.85354996,145.05293274
21180,Brimbank City,-37.7887001,144.82145691
25900,Port Phillip City,-37.83612272,144.94459368
25250,Moreland City,-37.69891357,144.91090393
24600,Melbourne City,-37.8152183,144.9614463
21890,Darebin City,-37.71320343,145.02957153
24650,Melton City,-37.73515701,144.75430298
21890,Darebin City,-37.7559166,145.01625061
25060,Moonee Valley City,-37.75653458,144.92692566
25900,Port Phillip City,-37.86041641,145.01048279
21890,Darebin City,-37.77897263,145.00674438
26350,Stonnington City,-37.83691788,145.01741028
27260,Wyndham City,-37.87703425,144.68232997
25250,Moreland City,-37.72893143,144.98228455
25900,Port Phillip City,-37.84135056,144.97740173
24600,Melbourne City,-37.83329391,144.91320801
23430,Kingston City,-37.93310928,145.03507996
24600,Melbourne City,-37.79854202,144.96800232
25250,Moreland City,-37.7738003,144.9536705
24970,Monash City,-37.89100266,145.1421051
24600,Melbourne City,-37.80456161,144.97280884
24600,Melbourne City,-37.81460571,144.94729614
27070,Whittlesea City,-37.680336,145.01426697
24970,Monash City,-37.87359619,145.16160583
25060,Moonee Valley City,-37.78617859,144.93006897
26350,Stonnington City,-37.86004385,145.0149487
22310,Glen Eira City,-37.874316,145.0229856
21110,Boroondara City,-37.84943771,145.08708191
27350,Yarra City,-37.80693606,144.97493724
25900,Port Phillip City,-37.86251593,144.97937734
24600,Melbourne City,-37.81493781,144.96729149
24210,Manningham City,-37.7626915,145.08380127
25060,Moonee Valley City,-37.75505066,144.91755676
23430,Kingston City,-37.95743942,145.05192566
23110,Hobsons Bay City,-37.85974121,144.77639771
20910,Bayside City,-37.8966708,144.9979093
21110,Boroondara City,-37.79842758,145.04701233
22310,Glen Eira City,-37.89902115,145.01527405
24970,Monash City,-37.9201355,145.12112427
24650,Melton City,-37.7122229,144.7510055
23110,Hobsons Bay City,-37.82217407,144.82983398
24970,Monash City,-37.88273621,145.090271
21180,Brimbank City,-37.79914474,144.79084778
22310,Glen Eira City,-37.8743326,145.0229995
24600,Melbourne City,-37.82557858,144.95267666
24210,Manningham City,-37.76119614,145.11408997
24970,Monash City,-37.88351682,145.15008593
20660,Banyule City,-37.74962997,145.03999329
24970,Monash City,-37.91884415,145.14233764
21180,Brimbank City,-37.79136914,144.82284243
20910,Bayside City,-37.94897079,145.00431824
27070,Whittlesea City,-37.69358444,145.04779053
22310,Glen Eira City,-37.92523956,145.0544281
25250,Moreland City,-37.76107788,144.94877625
24330,Maribyrnong City,-37.80862016,144.90465166
25250,Moreland City,-37.72746658,144.96366882
24600,Melbourne City,-37.8099,144.9622
25250,Moreland City,-37.70549774,144.96504211
27450,Yarra Ranges Shire,-37.76981384,145.32858537
25250,Moreland City,-37.74302816,144.96595165
25250,Moreland City,-37.70549774,144.96504211
26350,Stonnington City,-37.86244202,145.02745056
24600,Melbourne City,-37.8174175,144.9653212
20910,Bayside City,-37.9110141,144.9941849
22310,Glen Eira City,-37.92367554,145.05857849
24410,Maroondah City,-37.80512619,145.24438477
21180,Brimbank City,-37.79141043,144.82295056
25060,Moonee Valley City,-37.7554245,144.90113831
24650,Melton City,-37.69816391,144.55787769
26350,Stonnington City,-37.839106,144.993681
21180,Brimbank City,-37.76593781,144.83192444
24600,Melbourne City,-37.81173706,144.93809509
25250,Moreland City,-37.7737855,144.9536957
24600,Melbourne City,-37.81782864,144.96489281
21180,Brimbank City,-37.79144161,144.82288402
24600,Melbourne City,-37.81125456,144.96464013
24210,Manningham City,-37.78701401,145.14373779
27350,Yarra City,-37.81314034,145.01178771
21110,Boroondara City,-37.81234741,145.08404541
26980,Whitehorse City,-37.8368721,145.10559082
26980,Whitehorse City,-37.85188293,145.13238525
25060,Moonee Valley City,-37.7849934,144.91923949
26980,Whitehorse City,-37.8420142,145.1178143
23270,Hume City,-37.68435287,144.86549377
23270,Hume City,-37.66557312,144.93782043
24600,Melbourne City,-37.81101227,144.97257996
24970,Monash City,-37.92062759,145.17430115
23270,Hume City,-37.58412552,144.94038391
21890,Darebin City,-37.76050186,145.00938416
25250,Moreland City,-37.69224162,144.95581579
26980,Whitehorse City,-37.82772064,145.11288452
24970,Monash City,-37.9260503,145.1515327
26350,Stonnington City,-37.86510468,145.03787231
24970,Monash City,-37.88471222,145.12734985
24210,Manningham City,-37.7870903,145.12599182
22310,Glen Eira City,-37.909729,145.06088257
20910,Bayside City,-37.94170761,145.02322388
26350,Stonnington City,-37.88935089,145.08888245
25250,Moreland City,-37.69203568,144.95861816
25060,Moonee Valley City,-37.78755188,144.93597412
22170,Frankston City,-38.1407023,145.1317364
24600,Melbourne City,-37.8100917,144.964628
21890,Darebin City,-37.7190121,145.0122278
21890,Darebin City,-37.7190151,145.0122242
24330,Maribyrnong City,-37.79258071,144.85252149
27350,Yarra City,-37.80099487,144.98725891
25900,Port Phillip City,-37.86786043,144.9790718
23670,Knox City,-37.8930336,145.2501564
24600,Melbourne City,-37.8187568,144.9679014
24600,Melbourne City,-37.8187011,144.9678608
22310,Glen Eira City,-37.88440704,145.01547241
21180,Brimbank City,-37.79165963,144.8228545
23270,Hume City,-37.67110443,144.93930054
27350,Yarra City,-37.78805542,144.99989319
20660,Banyule City,-37.77165985,145.04586792
27350,Yarra City,-37.82119751,144.99406433
24600,Melbourne City,-37.80902315,144.96850424
22170,Frankston City,-38.15934681,145.12904802
27260,Wyndham City,-37.81046677,144.75097656
24970,Monash City,-37.90088272,145.13763428
27350,Yarra City,-37.78613663,144.97926331
24970,Monash City,-37.87661743,145.13175964
21110,Boroondara City,-37.8298645,145.04364014
25250,Moreland City,-37.70153427,144.96266174
20660,Banyule City,-37.75605011,145.06822205
24410,Maroondah City,-37.81038284,145.22273254
21890,Darebin City,-37.71685791,145.04289246
25900,Port Phillip City,-37.8670022,144.9783695
21180,Brimbank City,-37.79142743,144.822871
21180,Brimbank City,-37.79141645,144.8228659
20660,Banyule City,-37.77276993,145.05883789
21180,Brimbank City,-37.79161552,144.82293363
26350,Stonnington City,-37.8530738,144.9931622
24410,Maroondah City,-37.78675842,145.27539063
22170,Frankston City,-38.1668964,145.1615965
22310,Glen Eira City,-37.8745813,145.0231103
23430,Kingston City,-37.92989171,145.11723957
20660,Banyule City,-37.75708389,145.0606842
21110,Boroondara City,-37.83216095,145.06367493
24600,Melbourne City,-37.81963436,144.96578732
24970,Monash City,-37.8662796,145.09703064
20910,Bayside City,-37.9139595,145.01174927
24600,Melbourne City,-37.80891418,144.97543335
21180,Brimbank City,-37.79152635,144.82298367
21180,Brimbank City,-37.74979401,144.79853821
21890,Darebin City,-37.73939133,145.00779724
20910,Bayside City,-37.93707709,145.01212995
27350,Yarra City,-37.8075716,144.9754111
22170,Frankston City,-38.0808108,145.2060634
25710,Nillumbik Shire,-37.69032807,145.09179837
24410,Maroondah City,-37.8354352,145.277862
22170,Frankston City,-38.0888025,145.1766902
25900,Port Phillip City,-37.87602997,144.99688721
22310,Glen Eira City,-37.90655518,145.06871033
24410,Maroondah City,-37.80899429,145.24752808
24600,Melbourne City,-37.80916214,144.9611969
23110,Hobsons Bay City,-37.86075592,144.90232849
26350,Stonnington City,-37.84960175,145.02319336
22170,Frankston City,-38.0809266,145.2060919
20910,Bayside City,-37.92150116,145.01123047
27260,Wyndham City,-37.8450475,144.7251046
23270,Hume City,-37.5511284,144.7305287
27350,Yarra City,-37.81128311,145.00814819
24410,Maroondah City,-37.80815887,145.25004578
24970,Monash City,-37.87632311,145.16968357
22170,Frankston City,-38.0808121,145.206079
22170,Frankston City,-38.0808211,145.2059608
25060,Moonee Valley City,-37.7664299,144.91804504
22310,Glen Eira City,-37.9029714,145.0449838
20660,Banyule City,-37.75300217,145.03263855
27260,Wyndham City,-37.8639411,144.60004018
21890,Darebin City,-37.75518799,145.00375366
25250,Moreland City,-37.76054764,144.98065186
22310,Glen Eira City,-37.89579773,145.00579834
24600,Melbourne City,-37.79478455,144.94952393
23110,Hobsons Bay City,-37.8406192,144.8870172
24970,Monash City,-37.87290955,145.16337585
25060,Moonee Valley City,-37.75654984,144.86065674
27350,Yarra City,-37.80752358,144.97820268
24600,Melbourne City,-37.80930153,144.9669338
24330,Maribyrnong City,-37.80028743,144.90041229
21180,Brimbank City,-37.67635345,144.77082825
26350,Stonnington City,-37.85466385,145.05224609
24600,Melbourne City,-37.84342194,144.97859192
24970,Monash City,-37.8901539,145.1640302
21180,Brimbank City,-37.70186234,144.80192566
20660,Banyule City,-37.75114059,145.04608154
27070,Whittlesea City,-37.6749904,145.0515017
24600,Melbourne City,-37.81939697,144.95710754
20910,Bayside City,-37.93808746,145.01402283
25250,Moreland City,-37.76409531,144.96974182
24600,Melbourne City,-37.82163577,144.9893436
21890,Darebin City,-37.77795792,144.99966431
23430,Kingston City,-37.92872238,145.12031555
22310,Glen Eira City,-37.88570786,145.01077271
24210,Manningham City,-37.77096581,145.1996376
25060,Moonee Valley City,-37.77052307,144.90519714
25900,Port Phillip City,-37.86939621,144.97911072
26980,Whitehorse City,-37.81922531,145.12142944
20660,Banyule City,-37.77842712,145.03935242
21180,Brimbank City,-37.74593353,144.78596497
23430,Kingston City,-37.94723511,145.08102417
27450,Yarra Ranges Shire,-37.8078804,145.32119751
21110,Boroondara City,-37.8292923,145.05709839
23270,Hume City,-37.68405533,144.92628479
24600,Melbourne City,-37.8131869,144.9629796
24970,Monash City,-37.92456055,145.12084961
27260,Wyndham City,-37.87179565,144.72554016
26350,Stonnington City,-37.8368721,144.99980164
21110,Boroondara City,-37.82362844,145.04151681
26980,Whitehorse City,-37.83657837,145.18960571
26980,Whitehorse City,-37.81784439,145.12339783
24970,Monash City,-37.93822479,145.20298767
24330,Maribyrnong City,-37.79611969,144.8963623
20660,Banyule City,-37.734744,145.0423706
27450,Yarra Ranges Shire,-37.90654238,145.34134155
27350,Yarra City,-37.78866196,144.9954071
25060,Moonee Valley City,-37.7524963,144.8730223
26350,Stonnington City,-37.8462944,145.03105164
25900,Port Phillip City,-37.88214872,144.9817598
26980,Whitehorse City,-37.82737732,145.17424011
27260,Wyndham City,-37.82967758,144.8044281
27260,Wyndham City,-37.81534958,144.80830383
24330,Maribyrnong City,-37.77342606,144.88639832
22310,Glen Eira City,-37.87427,145.0230933
22310,Glen Eira City,-37.8743049,145.0231888
21180,Brimbank City,-37.74486542,144.80004883
24410,Maroondah City,-37.83238602,145.22735596
23110,Hobsons Bay City,-37.86256409,144.83343506
21180,Brimbank City,-37.7584343,144.79997253
26980,Whitehorse City,-37.79776764,145.1421814
25250,Moreland City,-37.75846481,144.97059631
24410,Maroondah City,-37.80927658,145.24545288
24330,Maribyrnong City,-37.778862,144.86312866
26980,Whitehorse City,-37.81143951,145.21134949
24330,Maribyrnong City,-37.7937355,144.8621521
26350,Stonnington City,-37.8472558,144.9977567
23430,Kingston City,-37.97957611,145.06869507
24600,Melbourne City,-37.79160309,144.94084167
20910,Bayside City,-37.90217209,145.02598572
20910,Bayside City,-37.9943924,145.03277588
22310,Glen Eira City,-37.87884903,145.01237488
25250,Moreland City,-37.76811896,144.96236684
26350,Stonnington City,-37.8872757,145.07955933
27260,Wyndham City,-37.88442824,144.66345019
21610,Casey City,-38.029477,145.2698126
24600,Melbourne City,-37.8131869,144.9629796
20660,Banyule City,-37.74703598,145.04182434
20910,Bayside City,-37.96056747,145.01121521
26980,Whitehorse City,-37.82038236,145.141246
20660,Banyule City,-37.75695038,145.05255127
25250,Moreland City,-37.72967911,144.93563843
24410,Maroondah City,-37.80934525,145.24752808
24600,Melbourne City,-37.81065369,144.95103455
27450,Yarra Ranges Shire,-37.96541977,145.32666016
21890,Darebin City,-37.7191109,145.012251
25250,Moreland City,-37.75209045,144.93559265
23430,Kingston City,-38.04850388,145.14161682
27350,Yarra City,-37.81926666,145.00315692
21610,Casey City,-38.14230271,145.25023718
22310,Glen Eira City,-37.90950775,145.0852356
21180,Brimbank City,-37.78131104,144.8347168
24600,Melbourne City,-37.79887772,144.91908264
23670,Knox City,-37.89850998,145.23683167
23670,Knox City,-37.89918137,145.2328186
26980,Whitehorse City,-37.81769943,145.14840698
23110,Hobsons Bay City,-37.8615303,144.77101135
23270,Hume City,-37.65798187,144.95332336
21180,Brimbank City,-37.75831223,144.82337952
24330,Maribyrnong City,-37.76978683,144.89761353
24330,Maribyrnong City,-37.80594635,144.88154602
22310,Glen Eira City,-37.8745936,145.0231179
24330,Maribyrnong City,-37.7997915,144.8980535
25900,Port Phillip City,-37.84357452,144.95046997
24210,Manningham City,-37.74187088,145.21403503
24970,Monash City,-37.91435242,145.13496399
21890,Darebin City,-37.74211658,145.00593714
24970,Monash City,-37.90284729,145.09747314
27350,Yarra City,-37.8122312,144.99648621
24650,Melton City,-37.75321579,144.70372009
27070,Whittlesea City,-37.6698761,145.01557922
24600,Melbourne City,-37.8266983,144.97229004
25250,Moreland City,-37.74843597,144.97601318
27350,Yarra City,-37.78530114,144.97137263
24600,Melbourne City,-37.81648636,144.96697998
24600,Melbourne City,-37.82036972,144.95755005
26980,Whitehorse City,-37.83535767,145.1242218
25250,Moreland City,-37.757061,144.97677612
23270,Hume City,-37.6525116,144.9291687
21180,Brimbank City,-37.66617203,144.75370789
26350,Stonnington City,-37.8872757,145.07955933
26350,Stonnington City,-37.8368721,145.00296021
26350,Stonnington City,-37.83961105,144.99786377
27260,Wyndham City,-37.81817245,144.79508972
23430,Kingston City,-37.98285675,145.06488037
21180,Brimbank City,-37.71218109,144.83117676
20660,Banyule City,-37.72802734,145.07157898
25250,Moreland City,-37.73653412,144.92915344
24600,Melbourne City,-37.80296607,144.96394298
27260,Wyndham City,-37.82526779,144.81384277
21890,Darebin City,-37.73729706,145.03109741
24410,Maroondah City,-37.81945038,145.22731018
23270,Hume City,-37.64413452,144.83396912
21110,Boroondara City,-37.8252184,145.0465699
23430,Kingston City,-37.95035934,145.04968262
20660,Banyule City,-37.74716187,145.04179382
24970,Monash City,-37.88626862,145.09030151
24970,Monash City,-37.90216064,145.0881958
25250,Moreland City,-37.75587082,144.94541931
22310,Glen Eira City,-37.88734436,145.05615234
21180,Brimbank City,-37.72782135,144.80787659
21890,Darebin City,-37.7190692,145.0121773
21890,Darebin City,-37.7190876,145.0121304
21890,Darebin City,-37.7190972,145.0121224
24650,Melton City,-37.69505976,144.51732781
26980,Whitehorse City,-37.8290134,145.1379035
21110,Boroondara City,-37.78619003,145.08085632
24600,Melbourne City,-37.81125259,144.97016907
24410,Maroondah City,-37.83613205,145.21354675
27350,Yarra City,-37.7990865,144.9853756
26350,Stonnington City,-37.8751564,145.06555176
27350,Yarra City,-37.8175514,144.9939012
21180,Brimbank City,-37.78721619,144.83569336
23110,Hobsons Bay City,-37.88476563,144.75642395
24600,Melbourne City,-37.80956094,144.98113337
20660,Banyule City,-37.7207905,145.0704162
24600,Melbourne City,-37.81443024,144.95481873
25250,Moreland City,-37.76784134,144.96836853
23110,Hobsons Bay City,-37.8395462,144.88252258
27260,Wyndham City,-37.83444977,144.68598938
26350,Stonnington City,-37.85605621,144.99201965
24600,Melbourne City,-37.81375587,144.95725648
24330,Maribyrnong City,-37.80168533,144.89025879
26350,Stonnington City,-37.84983826,144.99565125
27260,Wyndham City,-37.83460891,144.68761498
22670,Greater Dandenong City,-37.9917122,145.17586584
23110,Hobsons Bay City,-37.88260269,144.75683594
21180,Brimbank City,-37.78591537,144.7603302
24650,Melton City,-37.78139877,144.754776
21890,Darebin City,-37.71696854,145.04316711
24210,Manningham City,-37.76377665,145.08151398
23110,Hobsons Bay City,-37.84511566,144.89228821
25900,Port Phillip City,-37.87985611,144.97854614
24600,Melbourne City,-37.81790924,144.96202087
26350,Stonnington City,-37.8472941,144.997802
24970,Monash City,-37.87626017,145.16951528
24600,Melbourne City,-37.79405212,144.96850586
26980,Whitehorse City,-37.85251617,145.15200806
25250,Moreland City,-37.76070786,144.94325256
25250,Moreland City,-37.76070786,144.94325256
21890,Darebin City,-37.75940323,145.020401
23270,Hume City,-37.69426727,144.91531372
26980,Whitehorse City,-37.84985733,145.1129303
24600,Melbourne City,-37.81467056,144.94511414
27260,Wyndham City,-37.88589096,144.72187805
24970,Monash City,-37.92231369,145.11503601
25710,Nillumbik Shire,-37.71381378,145.13604736
25250,Moreland City,-37.77316918,144.96121149
21110,Boroondara City,-37.80612183,145.01712036
23270,Hume City,-37.58250172,144.72707399
26980,Whitehorse City,-37.8540234,145.1219005
20910,Bayside City,-37.93713514,145.01227198
20660,Banyule City,-37.71977615,145.08140564
23270,Hume City,-37.5783241,144.7241985
23110,Hobsons Bay City,-37.87135696,144.82202148
25900,Port Phillip City,-37.84794617,144.9495697
25250,Moreland City,-37.74664171,144.95133969
24410,Maroondah City,-37.81673431,145.22441101
25900,Port Phillip City,-37.87392917,144.97680723
22670,Greater Dandenong City,-37.97663769,145.21608676
26350,Stonnington City,-37.8472555,144.9977205
27260,Wyndham City,-37.87759781,144.68289185
24600,Melbourne City,-37.7977685,144.9560787
23270,Hume City,-37.59576035,144.92877197
23270,Hume City,-37.68810272,144.88238525
26980,Whitehorse City,-37.82155609,145.12294006
21890,Darebin City,-37.69609833,144.98735046
20660,Banyule City,-37.71095276,145.08265686
26350,Stonnington City,-37.85552216,145.02067566
23430,Kingston City,-37.9929924,145.0670929
27350,Yarra City,-37.81061935,145.0010376
23110,Hobsons Bay City,-37.8588455,144.8982523
21890,Darebin City,-37.75971222,144.99293518
25710,Nillumbik Shire,-37.7094437,145.1519521
27350,Yarra City,-37.8031399,144.9833976
25250,Moreland City,-37.77045059,144.97744751
21890,Darebin City,-37.77152252,145.01913452
23430,Kingston City,-37.99470901,145.11746216
23670,Knox City,-37.84207551,145.23349164
23430,Kingston City,-37.94032288,145.04560852
23430,Kingston City,-37.92984177,145.11702817
22310,Glen Eira City,-37.8743549,145.0230156
22310,Glen Eira City,-37.92229843,145.0592041
20910,Bayside City,-37.93717876,145.0123508
24600,Melbourne City,-37.81200027,144.9651947
21180,Brimbank City,-37.79851532,144.81802368
25060,Moonee Valley City,-37.75332642,144.92585754
24600,Melbourne City,-37.82474899,144.9577179
25900,Port Phillip City,-37.8623085,144.99945068
26350,Stonnington City,-37.85665265,145.02548944
20910,Bayside City,-37.93717742,145.0122922
21890,Darebin City,-37.74972916,144.9992218
22310,Glen Eira City,-37.87073898,145.01792908
24600,Melbourne City,-37.81227112,144.94508362
21890,Darebin City,-37.75080872,144.98554993
22670,Greater Dandenong City,-37.94020844,145.21046448
26350,Stonnington City,-37.8522931,144.996809
25250,Moreland City,-37.75387955,144.97079468
27260,Wyndham City,-37.87206268,144.69517517
24650,Melton City,-37.69130374,144.72810511
24600,Melbourne City,-37.81681824,144.96118164
25900,Port Phillip City,-37.83306885,144.9329071
25900,Port Phillip City,-37.8623085,144.99945068
22170,Frankston City,-38.1584287,145.1202637
21110,Boroondara City,-37.81138992,145.08320618
25250,Moreland City,-37.73894501,144.94358826
21610,Casey City,-38.0282634,145.3082322
27260,Wyndham City,-37.81389999,144.78829956
24970,Monash City,-37.92047882,145.11927795
21180,Brimbank City,-37.74296188,144.78855896
24970,Monash City,-37.91794235,145.15782963
27350,Yarra City,-37.81647491,144.99047852
23670,Knox City,-37.91286469,145.235672
22310,Glen Eira City,-37.91082764,145.03912354
22310,Glen Eira City,-37.8745105,145.0231252
24600,Melbourne City,-37.81497192,144.9606781
26350,Stonnington City,-37.86003113,145.05941772
24600,Melbourne City,-37.78847504,144.94099426
21110,Boroondara City,-37.81449127,145.0218811
20660,Banyule City,-37.72360229,145.07376099
25250,Moreland City,-37.70496368,144.93711853
21890,Darebin City,-37.73731995,144.99571228
24210,Manningham City,-37.78125,145.15057373
21110,Boroondara City,-37.86203766,145.06639099
21180,Brimbank City,-37.75960922,144.79025269
24600,Melbourne City,-37.82196199,144.9534007
24600,Melbourne City,-37.81614181,144.95913245
20660,Banyule City,-37.68667984,145.06790161
24600,Melbourne City,-37.81504856,144.9669757
24330,Maribyrnong City,-37.8108544,144.8785072
23110,Hobsons Bay City,-37.82249832,144.9021759
20660,Banyule City,-37.70401764,145.10301208
23430,Kingston City,-38.00726318,145.10366821
21180,Brimbank City,-37.77159882,144.82972717
27260,Wyndham City,-37.89801407,144.66143799
20660,Banyule City,-37.75312424,145.05122375
24600,Melbourne City,-37.81994629,144.95706177
27070,Whittlesea City,-37.67133331,145.02297974
27350,Yarra City,-37.80913162,144.99711609
20660,Banyule City,-37.73408508,145.04344177
24970,Monash City,-37.89556503,145.18429565
27260,Wyndham City,-37.89585495,144.74746704
24600,Melbourne City,-37.81962204,144.96000671
24600,Melbourne City,-37.8118515,144.97689819
27260,Wyndham City,-37.86544418,144.69877625
26980,Whitehorse City,-37.83117676,145.14260864
21890,Darebin City,-37.75446701,145.00361633
24600,Melbourne City,-37.80030823,144.94396973
21890,Darebin City,-37.7190749,145.0121715
20910,Bayside City,-37.93713471,145.01231434
24600,Melbourne City,-37.81127548,144.95646667
21450,Cardinia Shire,-38.0685363,145.4985638
21890,Darebin City,-37.70615387,144.99002075
24600,Melbourne City,-37.8177681,144.96563721
23270,Hume City,-37.64286041,144.94671631
25900,Port Phillip City,-37.83432388,144.95367432
24970,Monash City,-37.92448044,145.11985779
24600,Melbourne City,-37.82733536,144.96853638
20660,Banyule City,-37.70990753,145.08627319
23270,Hume City,-37.63747406,144.91699219
22310,Glen Eira City,-37.9135101,145.0478015
27350,Yarra City,-37.78895569,144.96920776
24600,Melbourne City,-37.82185364,144.95217896
24410,Maroondah City,-37.77738571,145.2918396
20660,Banyule City,-37.70322418,145.1159668
21890,Darebin City,-37.78449631,144.99581909
21890,Darebin City,-37.7444458,145.01896667
26350,Stonnington City,-37.88658279,145.08245854
27260,Wyndham City,-37.8808883,144.6881523
23430,Kingston City,-37.98810577,145.07460022
21110,Boroondara City,-37.81948853,145.08848572
21180,Brimbank City,-37.7779274,144.83712769
25900,Port Phillip City,-37.86774826,144.98924255
26980,Whitehorse City,-37.81324387,145.17681885
26350,Stonnington City,-37.85070419,144.98901367
24330,Maribyrnong City,-37.79884768,144.89804381
26350,Stonnington City,-37.86127038,145.03303034
21890,Darebin City,-37.7432339,145.007999
21180,Brimbank City,-37.82112503,144.82759094
23270,Hume City,-37.6843286,144.919361
24600,Melbourne City,-37.81404877,144.97146606
27260,Wyndham City,-37.84418106,144.78190613
21110,Boroondara City,-37.82155991,145.04022217
24600,Melbourne City,-37.82658898,144.95610416
21180,Brimbank City,-37.74556351,144.82533264
27070,Whittlesea City,-37.59739304,145.08908081
24600,Melbourne City,-37.82021941,144.96595789
21890,Darebin City,-37.7112236,145.0227356
23270,Hume City,-37.6873419,144.9357493
23430,Kingston City,-37.93696976,145.05197144
27070,Whittlesea City,-37.68723297,145.00244141
27070,Whittlesea City,-37.66402054,145.00260925
24970,Monash City,-37.91198349,145.20088196
24600,Melbourne City,-37.7901013,144.9283926
26980,Whitehorse City,-37.83081055,145.13954163
21890,Darebin City,-37.70697784,145.02783203
27350,Yarra City,-37.8155098,145.01275635
27070,Whittlesea City,-37.66385269,145.03378296
25900,Port Phillip City,-37.86837006,144.99034119
25250,Moreland City,-37.76911344,144.96689079
25250,Moreland City,-37.76543808,144.9447937
24600,Melbourne City,-37.81139755,144.94664001
24210,Manningham City,-37.77733994,145.10635376
20660,Banyule City,-37.75675583,145.06245422
21180,Brimbank City,-37.7432518,144.77949524
21110,Boroondara City,-37.81436157,145.0993042
24970,Monash City,-37.91189194,145.1602478
21180,Brimbank City,-37.75968552,144.77226257
23110,Hobsons Bay City,-37.86257172,144.84837341
23270,Hume City,-37.6995163,144.88031006
25900,Port Phillip City,-37.83994293,144.97640991
26350,Stonnington City,-37.83565521,145.0216217
24330,Maribyrnong City,-37.8168853,144.8820934
23110,Hobsons Bay City,-37.86927795,144.83026123
23430,Kingston City,-37.94511032,145.07843018
25900,Port Phillip City,-37.83184052,144.96035767
23110,Hobsons Bay City,-37.86548035,144.78792814
23110,Hobsons Bay City,-37.87347031,144.81417847
23430,Kingston City,-37.9942894,145.11399841
23110,Hobsons Bay City,-37.87863159,144.789505
23430,Kingston City,-37.97679901,145.09439087
23430,Kingston City,-37.97679138,145.09440613
25900,Port Phillip City,-37.86904042,144.99361497
24600,Melbourne City,-37.81030823,144.96512521
26350,Stonnington City,-37.83605194,145.02612305
27070,Whittlesea City,-37.64833069,144.99046326
27350,Yarra City,-37.78781509,145.00012207
26980,Whitehorse City,-37.80177689,145.12684631
21890,Darebin City,-37.77287292,145.00561523
24330,Maribyrnong City,-37.81285858,144.89091492
24600,Melbourne City,-37.79267408,144.91768115
20910,Bayside City,-37.90102386,145.01412964
27350,Yarra City,-37.81392,145.0105699
27070,Whittlesea City,-37.67913818,144.99688721
26980,Whitehorse City,-37.81814575,145.16462708
24330,Maribyrnong City,-37.80004501,144.89968872
25060,Moonee Valley City,-37.76147842,144.92182922
21180,Brimbank City,-37.76079559,144.81585693
27070,Whittlesea City,-37.67938278,145.03365608
22670,Greater Dandenong City,-37.9858551,145.22142029
26980,Whitehorse City,-37.8076973,145.1342926
24600,Melbourne City,-37.81622433,144.96969634
21180,Brimbank City,-37.7891701,144.828975
20660,Banyule City,-37.7207928,145.0704197
21890,Darebin City,-37.72458649,145.00881958
24210,Manningham City,-37.73375554,145.18599061
24410,Maroondah City,-37.8196541,145.3140249
24650,Melton City,-37.69185638,144.7442627
26350,Stonnington City,-37.8580599,145.0223163
25900,Port Phillip City,-37.87229919,144.98167419
23110,Hobsons Bay City,-37.84477615,144.8890686
23270,Hume City,-37.65792084,144.91854858
24970,Monash City,-37.93589783,145.19285583
23270,Hume City,-37.59274673,144.91873169
20660,Banyule City,-37.70840836,145.10023499
21110,Boroondara City,-37.81345367,145.08482361
24600,Melbourne City,-37.8239837,144.9518182
24600,Melbourne City,-37.8217373,144.955775
25060,Moonee Valley City,-37.74915695,144.91529846
24600,Melbourne City,-37.8114407,144.9563237
24330,Maribyrnong City,-37.77933502,144.86053467
21180,Brimbank City,-37.75701141,144.82327271
24970,Monash City,-37.8948288,145.14408875
21180,Brimbank City,-37.79920578,144.78929138
27450,Yarra Ranges Shire,-37.91561975,145.35135443
21890,Darebin City,-37.77287972,144.99079775
27070,Whittlesea City,-37.67269897,145.0019989
23110,Hobsons Bay City,-37.8804461,144.7590947
22170,Frankston City,-38.10702441,145.18733997
25250,Moreland City,-37.7096426,144.9650558
24600,Melbourne City,-37.82869883,144.96370006
22670,Greater Dandenong City,-37.96405029,145.15484619
27350,Yarra City,-37.83179092,144.99703979
27260,Wyndham City,-37.92638397,144.71937561
24330,Maribyrnong City,-37.77342606,144.88639832
27450,Yarra Ranges Shire,-37.78579858,145.5489144
27450,Yarra Ranges Shire,-37.78579694,145.54891231
27260,Wyndham City,-37.87688828,144.67904663
24210,Manningham City,-37.75996017,145.13504028
25250,Moreland City,-37.7183459,144.9189672
25250,Moreland City,-37.7183431,144.9189703
23670,Knox City,-37.86993653,145.22623272
21180,Brimbank City,-37.72868729,144.80717468
24600,Melbourne City,-37.7938198,144.9151379
25060,Moonee Valley City,-37.71287918,144.88937378
23430,Kingston City,-37.98369256,145.06518386
21110,Boroondara City,-37.83069992,145.05227661
24410,Maroondah City,-37.78868866,145.25328064
27350,Yarra City,-37.78941345,144.9730835
23430,Kingston City,-37.95824051,145.05250549
25250,Moreland City,-37.74180222,144.96670532
25900,Port Phillip City,-37.83846664,144.93319702
24600,Melbourne City,-37.82256106,144.95897543
21180,Brimbank City,-37.77705765,144.82872009
23270,Hume City,-37.6498239,144.9173075
24600,Melbourne City,-37.8158122,144.94593583
23270,Hume City,-37.63803864,144.92573547
22310,Glen Eira City,-37.88629532,145.0604248
26350,Stonnington City,-37.8472336,144.9977493
26980,Whitehorse City,-37.85198212,145.15551758
21110,Boroondara City,-37.79463959,145.08552551
21890,Darebin City,-37.75460052,144.9874115
21180,Brimbank City,-37.79144602,144.82297216
21180,Brimbank City,-37.77813339,144.83656311
20660,Banyule City,-37.73871994,145.03855896
23270,Hume City,-37.58319003,144.75926644
21110,Boroondara City,-37.79530334,145.03627014
27350,Yarra City,-37.79867935,144.97624207
26980,Whitehorse City,-37.85382462,145.15950012
23430,Kingston City,-37.95340729,145.0643158
22310,Glen Eira City,-37.86747742,145.02436829
25250,Moreland City,-37.7035217,144.9513658
24330,Maribyrnong City,-37.78289413,144.87747192
25060,Moonee Valley City,-37.75897217,144.86941528
21890,Darebin City,-37.71026993,145.02563477
23270,Hume City,-37.57417317,144.92418584
21180,Brimbank City,-37.79144945,144.82293991
23110,Hobsons Bay City,-37.83583069,144.84747314
26980,Whitehorse City,-37.80974197,145.19284058
26350,Stonnington City,-37.84186554,145.01545715
24410,Maroondah City,-37.83183289,145.2716217
21180,Brimbank City,-37.731987,144.81451416
24970,Monash City,-37.89915848,145.12446594
27260,Wyndham City,-37.88636017,144.74647522
21110,Boroondara City,-37.82461548,145.08757019
23430,Kingston City,-37.96210098,145.05953979
22670,Greater Dandenong City,-37.98410416,145.2151947
24650,Melton City,-37.70030594,144.74523926
27070,Whittlesea City,-37.67274857,145.01712036
21180,Brimbank City,-37.74650192,144.83859253
24970,Monash City,-37.88322067,145.11183167
24600,Melbourne City,-37.82621765,144.96643066
26980,Whitehorse City,-37.85609436,145.1834259
25250,Moreland City,-37.71110535,144.91531372
21110,Boroondara City,-37.8133145,145.03735834
21180,Brimbank City,-37.79147174,144.8230037
21180,Brimbank City,-37.79142341,144.82303262
21180,Brimbank City,-37.79150988,144.82298744
21180,Brimbank City,-37.79107821,144.82276398
21180,Brimbank City,-37.78090723,144.83203816
23110,Hobsons Bay City,-37.82554245,144.88104248
21180,Brimbank City,-37.7645678,144.8324571
24330,Maribyrnong City,-37.78573464,144.89915476
23430,Kingston City,-37.98335266,145.08093262
26350,Stonnington City,-37.84474182,145.03953552
25900,Port Phillip City,-37.8408414,144.9549239
24330,Maribyrnong City,-37.78671265,144.87362671
25250,Moreland City,-37.75209045,144.93559265
24410,Maroondah City,-37.82390213,145.25801086
25900,Port Phillip City,-37.8295517,144.96377563
25060,Moonee Valley City,-37.76716614,144.92483521
21450,Cardinia Shire,-38.0856336,145.4601442
25900,Port Phillip City,-37.86580276,144.98825073
21110,Boroondara City,-37.79623413,145.02886963
20910,Bayside City,-37.9099884,144.99183655
27350,Yarra City,-37.80628189,144.98220605
23670,Knox City,-37.93073572,145.25390988
21180,Brimbank City,-37.8012413,144.7914058
27350,Yarra City,-37.81058509,145.00032169
20660,Banyule City,-37.70258331,145.08287048
25900,Port Phillip City,-37.84701538,144.9772644
24410,Maroondah City,-37.8194117,145.3147414
21180,Brimbank City,-37.7385788,144.85108948
23270,Hume City,-37.65356815,144.95565928
24970,Monash City,-37.91064072,145.10046387
21180,Brimbank City,-37.77465439,144.82937622
24330,Maribyrnong City,-37.81411362,144.89479065
23670,Knox City,-37.8926772,145.2381816
27260,Wyndham City,-37.86055756,144.66662598
23670,Knox City,-37.8511595,145.3121623
21180,Brimbank City,-37.75216675,144.77192688
24600,Melbourne City,-37.81831741,144.96696472
26350,Stonnington City,-37.8522813,144.9932893
23430,Kingston City,-37.98041916,145.05641174
21180,Brimbank City,-37.73129272,144.81413269
24210,Manningham City,-37.78564453,145.1280365
26980,Whitehorse City,-37.81981566,145.13035693
23110,Hobsons Bay City,-37.8668251,144.77816772
23430,Kingston City,-37.96389008,145.06802368
26350,Stonnington City,-37.85657883,144.99125671
26350,Stonnington City,-37.85851669,144.99867249
24970,Monash City,-37.87127686,145.15896606
21890,Darebin City,-37.73767853,145.0249176
23270,Hume City,-37.60442734,144.91688538
22670,Greater Dandenong City,-37.93314743,145.1499176
24410,Maroondah City,-37.78320313,145.26930237
23110,Hobsons Bay City,-37.83467484,144.83815002
25250,Moreland City,-37.72085953,144.95881653
24600,Melbourne City,-37.82487388,144.95287147
24600,Melbourne City,-37.83329391,144.91320801
27350,Yarra City,-37.78275955,144.98433851
22310,Glen Eira City,-37.88307571,144.99864197
24600,Melbourne City,-37.82484055,144.96183777
25250,Moreland City,-37.69190979,144.95860291
27350,Yarra City,-37.81258392,145.00050354
26350,Stonnington City,-37.84672165,144.99298096
22670,Greater Dandenong City,-37.9966507,145.20541382
26980,Whitehorse City,-37.82852554,145.10821533
27260,Wyndham City,-37.86891556,144.73449707
21110,Boroondara City,-37.8188591,145.07051086
26350,Stonnington City,-37.8522794,144.9933005
25250,Moreland City,-37.73703384,144.95779419
23110,Hobsons Bay City,-37.82678223,144.84472656
24330,Maribyrnong City,-37.78919601,144.89009094
24600,Melbourne City,-37.83129592,144.98763911
25060,Moonee Valley City,-37.74734497,144.92538452
24600,Melbourne City,-37.80397207,144.95689945
26350,Stonnington City,-37.87594223,145.04508972
21890,Darebin City,-37.71307755,145.03215027
26350,Stonnington City,-37.83506168,144.99609299
23670,Knox City,-37.87145615,145.2960968
24600,Melbourne City,-37.83368683,144.91311646
24330,Maribyrnong City,-37.7863872,144.900393
23110,Hobsons Bay City,-37.86573792,144.78063965
23270,Hume City,-37.68658066,144.93043518
22310,Glen Eira City,-37.92928696,145.04277039
24600,Melbourne City,-37.81378174,144.9906311
24600,Melbourne City,-37.79669952,144.92323303
24330,Maribyrnong City,-37.7863811,144.9004666
25250,Moreland City,-37.74258041,144.97805786
24600,Melbourne City,-37.78215357,144.91164297
21180,Brimbank City,-37.79088456,144.82398934
21180,Brimbank City,-37.79146839,144.82301837
21180,Brimbank City,-37.79049976,144.82472555
21180,Brimbank City,-37.79162568,144.82295257
26350,Stonnington City,-37.8473047,144.9978568
23110,Hobsons Bay City,-37.83550644,144.88070679
20910,Bayside City,-37.96159744,145.03619385
24600,Melbourne City,-37.81463638,144.95617686
22170,Frankston City,-38.18166039,145.15436848
23270,Hume City,-37.64632416,144.83898926
23270,Hume City,-37.66350174,144.85522461
24330,Maribyrnong City,-37.7728436,144.8905936
24600,Melbourne City,-37.79954529,144.95620728
24600,Melbourne City,-37.82163589,144.97855239
21890,Darebin City,-37.71666718,144.99859619
23670,Knox City,-37.9054969,145.2799923
25060,Moonee Valley City,-37.73515701,144.89649963
22310,Glen Eira City,-37.90717697,145.06620789
22310,Glen Eira City,-37.8990097,145.0531311
21890,Darebin City,-37.77749634,145.02339172
26980,Whitehorse City,-37.80037689,145.14468384
20660,Banyule City,-37.70948029,145.12011719
24600,Melbourne City,-37.80103149,144.96123618
21180,Brimbank City,-37.78984833,144.75730896
24970,Monash City,-37.93102264,145.18255615
22670,Greater Dandenong City,-37.98817062,145.2230072
21180,Brimbank City,-37.77271652,144.75601196
21180,Brimbank City,-37.79161608,144.82297535
24330,Maribyrnong City,-37.82001877,144.89009094
23270,Hume City,-37.70701218,144.88124084
21180,Brimbank City,-37.80327606,144.81472778
21180,Brimbank City,-37.79108687,144.82271118
21180,Brimbank City,-37.79122412,144.82286472
21110,Boroondara City,-37.81067276,145.06321716
21180,Brimbank City,-37.79145536,144.8229316
24600,Melbourne City,-37.79698368,144.96760645
25060,Moonee Valley City,-37.75505066,144.91755676
21180,Brimbank City,-37.74756622,144.82774353
24410,Maroondah City,-37.79928589,145.28640747
27260,Wyndham City,-37.83152771,144.66851807
26980,Whitehorse City,-37.85474777,145.16928101
26350,Stonnington City,-37.84039611,145.01450513
27260,Wyndham City,-37.92818832,144.73803711
21110,Boroondara City,-37.82717896,145.04708862
24330,Maribyrnong City,-37.817632,144.8801213
21610,Casey City,-38.06879342,145.26880763
21890,Darebin City,-37.77353287,145.01124573
21110,Boroondara City,-37.81246567,145.07962036
23110,Hobsons Bay City,-37.84503937,144.87194824
20660,Banyule City,-37.68899918,145.07814026
24970,Monash City,-37.89914747,145.12409326
26350,Stonnington City,-37.83498792,144.99604646
20660,Banyule City,-37.70608902,145.06645203
24600,Melbourne City,-37.81373709,144.96868076
22670,Greater Dandenong City,-37.96138,145.16915894
27450,Yarra Ranges Shire,-37.792303,145.380972
24330,Maribyrnong City,-37.78198242,144.85154724
23670,Knox City,-37.84355927,145.26202393
24410,Maroondah City,-37.7806778,145.25073242
25250,Moreland City,-37.73496628,144.94709778
20660,Banyule City,-37.73446274,145.04911804
24970,Monash City,-37.87475967,145.1481781
27260,Wyndham City,-37.86378854,144.59979629
25250,Moreland City,-37.75932312,144.95033264
23270,Hume City,-37.68954086,144.95800781
21110,Boroondara City,-37.84548569,145.04670715
21890,Darebin City,-37.77199173,144.99937439
23270,Hume City,-37.62195587,144.94781494
23270,Hume City,-37.68397141,144.95750427
27070,Whittlesea City,-37.68709183,145.02865601
23270,Hume City,-37.64302826,144.94158936
23270,Hume City,-37.64303589,144.94158936
24600,Melbourne City,-37.81628322,144.96352983
26980,Whitehorse City,-37.83361435,145.21069336
23430,Kingston City,-37.9906875,145.0708471
22310,Glen Eira City,-37.8807554,145.045413
25250,Moreland City,-37.75328445,144.94573975
21890,Darebin City,-37.75634003,145.0093689
25250,Moreland City,-37.69203568,144.95835876
24970,Monash City,-37.90358734,145.16445923
24970,Monash City,-37.89268875,145.13046265
26980,Whitehorse City,-37.84702301,145.19902039
25060,Moonee Valley City,-37.72612381,144.87129211
27350,Yarra City,-37.81035614,144.99702454
24600,Melbourne City,-37.81600952,144.96905518
24970,Monash City,-37.87220764,145.14839172
23430,Kingston City,-37.94522476,145.04362488
24600,Melbourne City,-37.79807619,144.95261886
23670,Knox City,-37.85343552,145.24795532
26350,Stonnington City,-37.8481102,145.00318909
27070,Whittlesea City,-37.69161606,144.97903442
26350,Stonnington City,-37.8508625,145.02134952
24650,Melton City,-37.75320816,144.70373535
21890,Darebin City,-37.7207961,145.04840666
26350,Stonnington City,-37.84547806,144.99757385
27260,Wyndham City,-37.83938217,144.67301941
24330,Maribyrnong City,-37.81141397,144.8786561
27260,Wyndham City,-37.8716737,144.7456951
27350,Yarra City,-37.80831909,144.99189758
25060,Moonee Valley City,-37.7522043,144.8730461
23430,Kingston City,-37.96808762,145.08447466
20660,Banyule City,-37.70702744,145.08052063
21180,Brimbank City,-37.72871399,144.80671692
21180,Brimbank City,-37.77611677,144.76135304
26980,Whitehorse City,-37.82775497,145.21333313
24970,Monash City,-37.93334961,145.16807556
24410,Maroondah City,-37.78572464,145.27772522
21110,Boroondara City,-37.82076645,145.03547668
22310,Glen Eira City,-37.89684097,145.04798474
27260,Wyndham City,-37.89397812,144.68103027
23430,Kingston City,-37.939785,145.09082031
27070,Whittlesea City,-37.64464951,145.02648926
24600,Melbourne City,-37.80202866,144.93063354
25900,Port Phillip City,-37.83814302,144.97509005
22310,Glen Eira City,-37.88191223,145.01144409
27070,Whittlesea City,-37.68288422,145.03173828
27070,Whittlesea City,-37.67943361,145.03349265
25900,Port Phillip City,-37.84024048,144.94558716
22670,Greater Dandenong City,-37.9427441,145.1992926
24600,Melbourne City,-37.81976316,144.95344252
23270,Hume City,-37.68492508,144.91737366
25250,Moreland City,-37.7735925,144.9481955
27070,Whittlesea City,-37.62318802,145.06486511
24600,Melbourne City,-37.81929267,144.95326175
24970,Monash City,-37.90349915,145.13486904
24600,Melbourne City,-37.81940915,144.95336245
25900,Port Phillip City,-37.84024048,144.94558716
21180,Brimbank City,-37.78299332,144.77322388
20660,Banyule City,-37.70530701,145.08126831
21180,Brimbank City,-37.79149252,144.82306395
21610,Casey City,-38.11898294,145.3152059
24600,Melbourne City,-37.8117361,144.9664991
24330,Maribyrnong City,-37.80945587,144.85417175
26980,Whitehorse City,-37.81048203,145.19313049
25250,Moreland City,-37.7597762,144.9442716
24410,Maroondah City,-37.78186798,145.26672363
26350,Stonnington City,-37.8685379,145.06114197
23110,Hobsons Bay City,-37.88161087,144.77435303
27260,Wyndham City,-37.83944321,144.74708557
25900,Port Phillip City,-37.88148117,144.98420715
25060,Moonee Valley City,-37.74396133,144.89454651
22670,Greater Dandenong City,-38.0123291,145.17178345
25060,Moonee Valley City,-37.77885818,144.93225098
21890,Darebin City,-37.77040482,145.00418091
24330,Maribyrnong City,-37.80374527,144.88941956
26980,Whitehorse City,-37.83666229,145.18826294
25060,Moonee Valley City,-37.77566528,144.91494751
20660,Banyule City,-37.70734787,145.09898376
26350,Stonnington City,-37.87895966,145.07730103
25900,Port Phillip City,-37.85445023,144.98043823
21890,Darebin City,-37.70949554,144.99710083
25250,Moreland City,-37.77334976,144.97364807
24210,Manningham City,-37.7729813,145.12676129
21610,Casey City,-37.98465562,145.25232388
24600,Melbourne City,-37.82519913,144.95695496
23430,Kingston City,-37.93286896,145.11833191
25250,Moreland City,-37.7564888,144.96392822
27260,Wyndham City,-37.89958179,144.66111849
21890,Darebin City,-37.75336838,145.01091003
25060,Moonee Valley City,-37.75045327,144.92071647
23270,Hume City,-37.59749397,144.69820659
26350,Stonnington City,-37.8472974,144.997723
20660,Banyule City,-37.6968956,145.12382507
26980,Whitehorse City,-37.85474777,145.16928101
21890,Darebin City,-37.7481842,145.02972412
25250,Moreland City,-37.745922,144.9726625
21180,Brimbank City,-37.79136935,144.82288949
23430,Kingston City,-38.02801132,145.13117981
22670,Greater Dandenong City,-37.99007797,145.2175293
21890,Darebin City,-37.73797989,145.0039978
22170,Frankston City,-38.1732874,145.150573
24970,Monash City,-37.87490845,145.17230225
25900,Port Phillip City,-37.83506012,144.97080994
23270,Hume City,-37.5507889,144.7302837
23670,Knox City,-37.84450912,145.26834106
20910,Bayside City,-37.89805984,144.99414063
24970,Monash City,-37.90632629,145.1257019
21890,Darebin City,-37.73784256,145.0007019
21110,Boroondara City,-37.81105804,145.0677948
24600,Melbourne City,-37.83673477,144.97898865
21180,Brimbank City,-37.72949219,144.81518555
27070,Whittlesea City,-37.64226532,145.06919861
24410,Maroondah City,-37.80559921,145.28611755
26350,Stonnington City,-37.87362671,145.0382843
21110,Boroondara City,-37.79108047,145.02819824
27350,Yarra City,-37.81478001,145.00531605
21110,Boroondara City,-37.8243103,145.05804443
21180,Brimbank City,-37.80095291,144.82839966
23110,Hobsons Bay City,-37.88006973,144.79360962
25060,Moonee Valley City,-37.78560638,144.92170715
21180,Brimbank City,-37.7627449,144.77589417
23110,Hobsons Bay City,-37.83117294,144.82672119
21180,Brimbank City,-37.71551514,144.87557983
25900,Port Phillip City,-37.83897781,144.94747925
21180,Brimbank City,-37.73062897,144.81549072
27070,Whittlesea City,-37.67255402,145.00172424
26350,Stonnington City,-37.8928566,145.08824158
21180,Brimbank City,-37.79131882,144.8228303
21180,Brimbank City,-37.79149336,144.82301864
24600,Melbourne City,-37.81477737,144.96899414
24600,Melbourne City,-37.81523514,144.96360779
24970,Monash City,-37.90376663,145.16534424
26980,Whitehorse City,-37.82951355,145.11434937
21890,Darebin City,-37.74768829,145.0166626
24600,Melbourne City,-37.83353029,144.90836911
26350,Stonnington City,-37.88935089,145.08888245
22310,Glen Eira City,-37.91938782,145.06295776
26350,Stonnington City,-37.84819031,145.00256348
23270,Hume City,-37.69426727,144.91531372
25250,Moreland City,-37.7033577,144.91545105
25710,Nillumbik Shire,-37.6996727,145.15664673
21180,Brimbank City,-37.79122493,144.82292408
27350,Yarra City,-37.79572178,144.99185456
21180,Brimbank City,-37.80075836,144.81855774
24410,Maroondah City,-37.79654312,145.2383728
23430,Kingston City,-37.94625854,145.05149841
21180,Brimbank City,-37.79142573,144.82299532
21180,Brimbank City,-37.79136427,144.8230114
23670,Knox City,-37.92247288,145.2649989
23670,Knox City,-37.8389628,145.2663484
24650,Melton City,-37.72402191,144.75076294
25250,Moreland City,-37.71209717,144.91670227
21890,Darebin City,-37.74124908,144.98956299
21180,Brimbank City,-37.7385788,144.85108948
26980,Whitehorse City,-37.82583618,145.20880127
24970,Monash City,-37.91539764,145.13468933
23430,Kingston City,-38.02722931,145.10214233
27070,Whittlesea City,-37.65048981,145.08886719
24410,Maroondah City,-37.78839111,145.2828064
26980,Whitehorse City,-37.82665634,145.12319946
27260,Wyndham City,-37.85053635,144.70632935
25060,Moonee Valley City,-37.76218414,144.92875671
23670,Knox City,-37.88484975,145.26794337
25900,Port Phillip City,-37.86925125,144.97593689
23270,Hume City,-37.70098495,144.87086487
22310,Glen Eira City,-37.89662933,145.05924988
21180,Brimbank City,-37.79142878,144.82284611
24650,Melton City,-37.68209359,144.7399395
21180,Brimbank City,-37.79125368,144.82285411
26350,Stonnington City,-37.83915901,144.9935232
24410,Maroondah City,-37.83007308,145.25479018
26350,Stonnington City,-37.83519992,144.99227129
21180,Brimbank City,-37.79126349,144.8228514
26350,Stonnington City,-37.88741784,145.08402077
22170,Frankston City,-38.0808399,145.2059933
23270,Hume City,-37.65490143,144.92977724
25060,Moonee Valley City,-37.78753552,144.92603531
21180,Brimbank City,-37.79134342,144.8230168
24600,Melbourne City,-37.83847023,144.97644466
23670,Knox City,-37.91123325,145.27319404
27350,Yarra City,-37.82340679,144.99207104
21180,Brimbank City,-37.79139589,144.82290932
20660,Banyule City,-37.70307889,145.10240814
24600,Melbourne City,-37.7864905,144.9573971
23430,Kingston City,-38.03245319,145.10441669
22170,Frankston City,-38.15029599,145.11774165
24600,Melbourne City,-37.7864599,144.957365
26350,Stonnington City,-37.87572607,145.04501334
21180,Brimbank City,-37.79138579,144.8228773
23110,Hobsons Bay City,-37.85049279,144.83582197
21180,Brimbank City,-37.79151836,144.82292857
27350,Yarra City,-37.78862024,144.97306733
21180,Brimbank City,-37.79129772,144.82289002
23270,Hume City,-37.62689932,144.92522584
24600,Melbourne City,-37.80939116,144.97431116
21180,Brimbank City,-37.79155497,144.82294838
27070,Whittlesea City,-37.68564465,145.05859609
23670,Knox City,-37.8389938,145.2663195
21180,Brimbank City,-37.79143725,144.82279901
21890,Darebin City,-37.727764,144.998322
20660,Banyule City,-37.73133416,145.06060293
27070,Whittlesea City,-37.66816774,145.05840702
27350,Yarra City,-37.79525915,144.97767379
21610,Casey City,-38.10459922,145.29229813
21890,Darebin City,-37.74606414,145.00868645
25060,Moonee Valley City,-37.7629808,144.9272207
22310,Glen Eira City,-37.87063157,145.01872491
21180,Brimbank City,-37.7175714,144.7701755
24970,Monash City,-37.88373791,145.14574403
24330,Maribyrnong City,-37.81361224,144.89392677
21110,Boroondara City,-37.8296618,145.09030439
21110,Boroondara City,-37.82966928,145.09036803
22310,Glen Eira City,-37.8686385,145.0286441
25900,Port Phillip City,-37.86035641,145.00414018
25250,Moreland City,-37.7560086,144.9442194
25900,Port Phillip City,-37.83457351,144.95767913
27260,Wyndham City,-37.93015699,144.67219234
24330,Maribyrnong City,-37.78921253,144.86642062
26980,Whitehorse City,-37.81219645,145.21219764
26350,Stonnington City,-37.84104875,145.00835353
25250,Moreland City,-37.7176842,144.9756926
25900,Port Phillip City,-37.83425141,144.96119795
25900,Port Phillip City,-37.83425137,144.96119775
25900,Port Phillip City,-37.8672818,144.9802262
21890,Darebin City,-37.7414194,145.0057255
24210,Manningham City,-37.77280355,145.12695436
21180,Brimbank City,-37.77144587,144.75945915
24650,Melton City,-37.67952678,144.54481662
24600,Melbourne City,-37.8231779,144.9557338
24330,Maribyrnong City,-37.78491869,144.89911751
24330,Maribyrnong City,-37.7861744,144.9004025
25900,Port Phillip City,-37.86306912,144.98822897
25250,Moreland City,-37.7217914,144.9346891
26350,Stonnington City,-37.84233188,145.03456925
27070,Whittlesea City,-37.6911149,145.0570413
24330,Maribyrnong City,-37.8185463,144.8846627
23110,Hobsons Bay City,-37.8390437,144.85652627
23270,Hume City,-37.67347076,144.89935999
22310,Glen Eira City,-37.87628401,145.04286799
21610,Casey City,-38.04672978,145.29515559
27070,Whittlesea City,-37.60928789,145.09826436
24600,Melbourne City,-37.7861421,144.9577443
23270,Hume City,-37.57033033,144.73373205
25900,Port Phillip City,-37.86034325,145.0074654
21110,Boroondara City,-37.82557014,145.03719219
21450,Cardinia Shire,-38.07543331,145.45461497
25060,Moonee Valley City,-37.74104353,144.91112206
22170,Frankston City,-38.0916,145.19895321
27350,Yarra City,-37.81190724,145.01156271
27350,Yarra City,-37.79998781,144.99105247
24410,Maroondah City,-37.79854393,145.26623162
21110,Boroondara City,-37.81320587,145.01742632
27350,Yarra City,-37.79444691,144.97552706
24600,Melbourne City,-37.81653118,144.96075058
24330,Maribyrnong City,-37.79125045,144.87016847
20910,Bayside City,-37.91852316,145.01624358
22170,Frankston City,-38.15921749,145.12907624
25900,Port Phillip City,-37.85926761,144.97824481
25060,Moonee Valley City,-37.72916191,144.8859222
24330,Maribyrnong City,-37.7861737,144.9003812
25900,Port Phillip City,-37.8672885,144.9801446
24600,Melbourne City,-37.81298,144.96303
24600,Melbourne City,-37.7861923,144.9575759
25250,Moreland City,-37.773824,144.9536958
26350,Stonnington City,-37.85276546,144.9998866
25900,Port Phillip City,-37.86959504,144.99020047
24330,Maribyrnong City,-37.7728436,144.8905936
24600,Melbourne City,-37.7949625,144.92106429
23270,Hume City,-37.6927054,144.8814873
24650,Melton City,-37.66320116,144.5659492
26350,Stonnington City,-37.84246749,144.99450431
24650,Melton City,-37.66348898,144.56581914
22310,Glen Eira City,-37.87524572,145.03212221
23270,Hume City,-37.59653294,144.89461833
27070,Whittlesea City,-37.68969976,145.03460631
20910,Bayside City,-37.9356302,144.9963989
21180,Brimbank City,-37.69713623,144.78223169
24210,Manningham City,-37.75143706,145.19169371
25900,Port Phillip City,-37.874428,144.9898765
24970,Monash City,-37.91101482,145.10228152
24970,Monash City,-37.89166224,145.14370432
24600,Melbourne City,-37.818078,144.96681
23670,Knox City,-37.89179313,145.2624554
25900,Port Phillip City,-37.8744996,144.9902529
25900,Port Phillip City,-37.8745979,144.9897069
23430,Kingston City,-38.03638586,145.1356404
25900,Port Phillip City,-37.8745825,144.9899961
21890,Darebin City,-37.7302773,144.990853
25710,Nillumbik Shire,-37.68037377,145.11845009
25710,Nillumbik Shire,-37.63023525,145.13646001
24210,Manningham City,-37.76234492,145.13489204
25900,Port Phillip City,-37.87446,144.9899173
22310,Glen Eira City,-37.91474326,145.04381413
21180,Brimbank City,-37.6943446,144.7884386
24330,Maribyrnong City,-37.7880714,144.87884283
23430,Kingston City,-37.9393721,145.0598705
20660,Banyule City,-37.7529732,145.0392381
21890,Darebin City,-37.70332,145.0150707
24210,Manningham City,-37.77288615,145.12668802
22670,Greater Dandenong City,-37.9806334,145.2309032
25250,Moreland City,-37.7351447,144.9724995
22670,Greater Dandenong City,-37.96464299,145.15194403
24600,Melbourne City,-37.8094309,144.9719853
24600,Melbourne City,-37.83289869,144.97257024
25900,Port Phillip City,-37.86372424,144.98198205
25900,Port Phillip City,-37.86372301,144.98198266
22670,Greater Dandenong City,-37.97234344,145.21600342
27350,Yarra City,-37.83330129,144.99360326
25060,Moonee Valley City,-37.7292633,144.8862491
22310,Glen Eira City,-37.8901801,145.02404117
22170,Frankston City,-38.18343472,145.15021084
23270,Hume City,-37.67314874,144.84391525
24600,Melbourne City,-37.7849643,144.9574539
25250,Moreland City,-37.77082789,144.9701819
23430,Kingston City,-37.93227717,145.11942681
21110,Boroondara City,-37.83381129,145.07850839
21110,Boroondara City,-37.83367932,145.07845528
27350,Yarra City,-37.79911702,144.99741984
23270,Hume City,-37.6917202,144.898687
26350,Stonnington City,-37.85276453,144.99983677
26350,Stonnington City,-37.8531748,144.9912497
25900,Port Phillip City,-37.8743619,144.9898861
25900,Port Phillip City,-37.8743765,144.9899805
27260,Wyndham City,-37.88869263,144.74180169
24330,Maribyrnong City,-37.7728436,144.8905936
21890,Darebin City,-37.74537681,145.012154
24650,Melton City,-37.70417379,144.74908688
25900,Port Phillip City,-37.87441,144.9899661
27350,Yarra City,-37.79546276,144.97794409
25060,Moonee Valley City,-37.7524885,144.873052
25900,Port Phillip City,-37.86651175,144.98431111
25900,Port Phillip City,-37.8744204,144.9896688
25900,Port Phillip City,-37.8745095,144.9898762
21110,Boroondara City,-37.82182403,145.03553133
24600,Melbourne City,-37.8200213,144.9438087
25900,Port Phillip City,-37.8743648,144.9902226
27260,Wyndham City,-37.8588127,144.7243206
24600,Melbourne City,-37.8204363,144.9581235
20910,Bayside City,-37.92030101,145.00700156
20910,Bayside City,-37.92038701,145.00702545
24330,Maribyrnong City,-37.80210148,144.90802374
24600,Melbourne City,-37.82515612,144.95088061
27260,Wyndham City,-37.8588053,144.7243124
20660,Banyule City,-37.74847243,145.07526161
24970,Monash City,-37.88195341,145.14371654
24210,Manningham City,-37.75166954,145.1919057
24210,Manningham City,-37.74756263,145.15870523
24650,Melton City,-37.6850687,144.5675703
27070,Whittlesea City,-37.61632017,145.12404544
24600,Melbourne City,-37.8089622,144.9588719
25900,Port Phillip City,-37.84868684,144.97947143
23110,Hobsons Bay City,-37.8636658,144.7670176
25060,Moonee Valley City,-37.73969358,144.87849249
27350,Yarra City,-37.80298163,144.99757698
23430,Kingston City,-38.07129165,145.14176874
27260,Wyndham City,-37.84291387,144.72405599
24330,Maribyrnong City,-37.8085296,144.8993292
21890,Darebin City,-37.76410789,144.99693261
25900,Port Phillip City,-37.8480342,144.9783701
20910,Bayside City,-37.9328829,145.0109188
23270,Hume City,-37.56495584,144.71615246
26350,Stonnington City,-37.85252542,144.99753142
21180,Brimbank City,-37.77144587,144.75945915
23270,Hume City,-37.67485227,144.94511143
25900,Port Phillip City,-37.8741497,144.9901609
25060,Moonee Valley City,-37.73544852,144.86631457
25060,Moonee Valley City,-37.73548062,144.86636802
24600,Melbourne City,-37.8200857,144.9436638
20910,Bayside City,-37.92031848,145.00710969
23270,Hume City,-37.67166043,144.84640572
26350,Stonnington City,-37.84767,145.01024
24330,Maribyrnong City,-37.7845204,144.8912265
24600,Melbourne City,-37.83802969,144.98415072
21180,Brimbank City,-37.7146982,144.8089974
24600,Melbourne City,-37.81507155,144.93386628
26350,Stonnington City,-37.83935373,144.99376017
25900,Port Phillip City,-37.88238198,144.98500437
22170,Frankston City,-38.1419321,145.1435789
23430,Kingston City,-38.06039572,145.12321803
21180,Brimbank City,-37.74716647,144.77145106
23270,Hume City,-37.6745818,144.86366272
25900,Port Phillip City,-37.8480344,144.9785187
27260,Wyndham City,-37.8587886,144.7243156
25060,Moonee Valley City,-37.75158734,144.90624572
22310,Glen Eira City,-37.9363517,145.0800958
24600,Melbourne City,-37.7946479,144.9706371
26350,Stonnington City,-37.85193334,144.9942229
20910,Bayside City,-37.9158495,145.02296565
24970,Monash City,-37.89021859,145.11756722
23270,Hume City,-37.67016294,144.84607224
22310,Glen Eira City,-37.88123736,144.99938176
24970,Monash City,-37.8709291,145.1052403
24600,Melbourne City,-37.8200208,144.9437151
22670,Greater Dandenong City,-37.9637577,145.181896
25060,Moonee Valley City,-37.75581952,144.85224101
22170,Frankston City,-38.18330084,145.14995129
22170,Frankston City,-38.18322027,145.1499415
21890,Darebin City,-37.775826,145.019636
24600,Melbourne City,-37.8156811,144.9554815
22170,Frankston City,-38.10652825,145.18004817
23270,Hume City,-37.70238972,144.85198291
20910,Bayside City,-37.91199655,144.99125049
24330,Maribyrnong City,-37.80952389,144.88632345
24330,Maribyrnong City,-37.8153925,144.88087617
22310,Glen Eira City,-37.89383946,145.06488139
26350,Stonnington City,-37.8393784,144.9934845
24330,Maribyrnong City,-37.81879803,144.89034794
26350,Stonnington City,-37.839106,144.993681
24600,Melbourne City,-37.81102228,144.97014653
27070,Whittlesea City,-37.6347742,145.0127133
27070,Whittlesea City,-37.6348394,145.0126814
24600,Melbourne City,-37.82486976,144.95312336
21610,Casey City,-38.07237399,145.27150995
27070,Whittlesea City,-37.6659218,145.0172942
27070,Whittlesea City,-37.634819,145.0127296
27070,Whittlesea City,-37.6525639,145.0317391
27260,Wyndham City,-37.8733731,144.7296519
22310,Glen Eira City,-37.86329346,145.0185734
21890,Darebin City,-37.7120638,145.0090072
26350,Stonnington City,-37.8393784,144.9934845
24600,Melbourne City,-37.8112755,144.9464111
24600,Melbourne City,-37.81986558,144.96930249
25060,Moonee Valley City,-37.7668877,144.9239502
24600,Melbourne City,-37.81622433,144.96119775
22670,Greater Dandenong City,-37.9695311,145.2140051
25060,Moonee Valley City,-37.7668877,144.9239502
21110,Boroondara City,-37.84723526,145.07843738
23430,Kingston City,-37.98461369,145.05448019
23430,Kingston City,-37.98473328,145.0547137
24600,Melbourne City,-37.8229747,144.9800706
24600,Melbourne City,-37.8219456,144.96312202
